image,label
1636994504.8710282.jpg,1
1636994505.9629958.jpg,1
1636994507.0551023.jpg,1
1636994508.1469274.jpg,1
1639729519.3793554.jpg,1
1639729973.254298.jpg,1
1639729977.6878183.jpg,1
1639729979.9413939.jpg,1
1639729982.050699.jpg,1
1639729988.1545174.jpg,1
1639730028.1788092.jpg,1
1639730039.0862474.jpg,1
1639730084.8508747.jpg,1
1639733604.7401857.jpg,1
1639733606.4759161.jpg,1
1639733607.633816.jpg,1
1639733608.7205093.jpg,1
1639733967.030924.jpg,1
1639733968.9112444.jpg,1
1639986361.0338895.jpg,1
1640250320.1400454.jpg,1
1640250322.1777442.jpg,1
1640250324.0709991.jpg,1
1640250326.0316133.jpg,1
1640250526.2820942.jpg,1
1640250528.3912957.jpg,1
1640250530.2825303.jpg,1
1640250532.3199213.jpg,1
1640250835.5824718.jpg,1
1640250837.4120786.jpg,1
1640250839.2924864.jpg,1
1640250841.2561266.jpg,1
1640251583.7826948.jpg,1
1640251585.8190284.jpg,1
1640251587.9286554.jpg,1
1640572999.150601.jpg,1
1640573001.409335.jpg,1
1640573003.219423.jpg,1
1640573005.1808548.jpg,1
1640574016.8774076.jpg,1
1640574019.7103488.jpg,1
1640574021.5263624.jpg,1
1640576508.4224062.jpg,1
1640576550.074889.jpg,1
1640576599.8644803.jpg,1
1640585833.8241715.jpg,1
1640585836.1489055.jpg,1
1640586190.2463787.jpg,1
1640668075.844683.jpg,1
1640668077.516333.jpg,1
1640668079.2622092.jpg,1
1640669060.8288908.jpg,1
1640669063.4436042.jpg,1
1640669065.1874888.jpg,1
1640669067.003976.jpg,1
1640669944.5090928.jpg,1
1640670077.7645762.jpg,1
1640670308.4189398.jpg,1
1640670694.6308963.jpg,1
1640670696.520283.jpg,1
1640670698.3370914.jpg,1
1640670700.2263713.jpg,1
1640670961.0825312.jpg,1
1640671323.4162683.jpg,1
1640671548.7334902.jpg,1
1640671549.61141.jpg,1
1640671553.2376351.jpg,1
1640671555.0543015.jpg,1
1640671556.9465618.jpg,1
1640671590.2459617.jpg,1
1640672025.2701066.jpg,1
1640672027.3792968.jpg,1
1640672029.1219914.jpg,1
1640672030.8671708.jpg,1
1640672903.043419.jpg,1
1640672905.1504617.jpg,1
1640672906.8945212.jpg,1
1640672908.711282.jpg,1
1640673407.1398509.jpg,1
1640673408.8118973.jpg,1
1640673410.4829488.jpg,1
1640673412.2996867.jpg,1
1640674688.7002974.jpg,1
1640674690.4447048.jpg,1
1640674839.3951092.jpg,1
1640674842.8834183.jpg,1
1640674844.6273868.jpg,1
1640674851.6722713.jpg,1
1640674853.4168682.jpg,1
1640674855.1606853.jpg,1
1640674856.9052873.jpg,1
1640675415.4437854.jpg,1
1640675417.1879337.jpg,1
1640675418.9321609.jpg,1
1640675420.8215375.jpg,1
1640677193.377654.jpg,1
1640677195.1227949.jpg,1
1640677196.8650656.jpg,1
1640677198.609149.jpg,1
1640743277.06967.jpg,1
1640743278.6684732.jpg,1
1640743280.267555.jpg,1
1640743282.013508.jpg,1
1640743306.3920798.jpg,1
1640743308.0630565.jpg,1
1640743309.661762.jpg,1
1640743311.2600439.jpg,1
1640743510.432669.jpg,1
1640743511.9592721.jpg,1
1640743513.4846337.jpg,1
1640743515.0127084.jpg,1
1640743539.249058.jpg,1
1640743540.7748892.jpg,1
1640743542.3005917.jpg,1
1640743543.899402.jpg,1
1640743713.7567377.jpg,1
1640743715.2828872.jpg,1
1640743716.8084714.jpg,1
1640743718.40695.jpg,1
1640743742.6458418.jpg,1
1640743744.171946.jpg,1
1640743745.7702422.jpg,1
1640743747.3731265.jpg,1
1640744046.5344574.jpg,1
1640744049.656923.jpg,1
1640744051.4732726.jpg,1
1640744053.2172203.jpg,1
1640744320.261471.jpg,1
1640744321.9326038.jpg,1
1640744323.603922.jpg,1
1640744325.2753782.jpg,1
1640746107.9290838.jpg,1
1640746109.672725.jpg,1
1640746111.345897.jpg,1
1640746113.160976.jpg,1
1640746137.547905.jpg,1
1640746139.2916818.jpg,1
1640746141.1078873.jpg,1
1640746142.996704.jpg,1
1640751663.332299.jpg,1
1640754158.496741.jpg,1
1640754183.839156.jpg,1
1640754185.3658311.jpg,1
1640755582.6430402.jpg,1
1640755584.2436798.jpg,1
1640755585.7711022.jpg,1
1640755587.299132.jpg,1
1640755611.9283085.jpg,1
1640755613.3839257.jpg,1
1640755614.911377.jpg,1
1640755616.5116239.jpg,1
1640756379.5539696.jpg,1
1640756381.0092545.jpg,1
1640756382.4642727.jpg,1
1640756383.9184766.jpg,1
1640756408.3282409.jpg,1
1640756409.7830393.jpg,1
1640756411.2380571.jpg,1
1640756412.7652771.jpg,1
1640756991.4590943.jpg,1
1640756992.913975.jpg,1
1640756994.2991362.jpg,1
1640756995.751031.jpg,1
1640757020.0889297.jpg,1
1640757021.5439508.jpg,1
1640757022.9989936.jpg,1
1640757024.5264192.jpg,1
1640757700.2303505.jpg,1
1640757701.6854599.jpg,1
1640757703.140489.jpg,1
1640757704.5954618.jpg,1
1640758127.6104584.jpg,1
1640758129.0655906.jpg,1
1640758130.5205977.jpg,1
1640758131.976082.jpg,1
1640758156.0246751.jpg,1
1640758157.4796946.jpg,1
1640758158.934665.jpg,1
1640758160.4622388.jpg,1
1640758978.4250913.jpg,1
1640758979.8094664.jpg,1
1640758981.2619019.jpg,1
1640758982.7170577.jpg,1
1640759966.4922068.jpg,1
1640759967.9473336.jpg,1
1640759969.402521.jpg,1
1640759970.8576832.jpg,1
1640760288.7476182.jpg,1
1640760290.2026012.jpg,1
1640760291.6578119.jpg,1
1640760293.1127245.jpg,1
1640760490.0030005.jpg,1
1640760491.4585383.jpg,1
1640760492.9133074.jpg,1
1640760494.370871.jpg,1
1640760518.7122564.jpg,1
1640760520.1674805.jpg,1
1640760521.624894.jpg,1
1640760523.1508648.jpg,1
1640760740.2948308.jpg,1
1640760741.7502432.jpg,1
1640760743.2049477.jpg,1
1640760744.6603007.jpg,1
1640760772.4163768.jpg,1
1640760773.8736925.jpg,1
1640760775.3287148.jpg,1
1640760776.8542943.jpg,1
1640760946.1251044.jpg,1
1640760947.5800753.jpg,1
1640760949.0360417.jpg,1
1640760950.4904487.jpg,1
1640760974.3952196.jpg,1
1640760975.8496015.jpg,1
1640760977.304853.jpg,1
1640760978.7597735.jpg,1
1640761146.2157204.jpg,1
1640761147.673291.jpg,1
1640761149.125698.jpg,1
1640761150.6535187.jpg,1
1640761174.7040367.jpg,1
1640761176.1593063.jpg,1
1640761177.614294.jpg,1
1640761179.1424553.jpg,1
1640761766.8110602.jpg,1
1640761769.3596098.jpg,1
1640761771.0282896.jpg,1
1640761772.7008502.jpg,1
1641352178.6832144.jpg,1
1641352183.9861834.jpg,1
1641352190.0880053.jpg,1
1641352193.4311519.jpg,1
1641352196.1926265.jpg,1
1641352566.3117118.jpg,1
1641352570.3802795.jpg,1
1641352574.0860088.jpg,1
1641352577.8631635.jpg,1
1641352588.6175115.jpg,1
1641352593.1903472.jpg,1
1641352900.7267566.jpg,1
1641352907.1193163.jpg,1
1641352914.2370727.jpg,1
1641352918.0149724.jpg,1
1641352943.2192338.jpg,1
1641352947.2140987.jpg,1
1641352957.7499447.jpg,1
1641352961.9614456.jpg,1
1641352966.53958.jpg,1
1641352970.5415485.jpg,1
1641358581.7671177.jpg,1
1641358591.1416159.jpg,1
1641358595.3575969.jpg,1
1641358599.1374702.jpg,1
1641358641.5702925.jpg,1
1641358654.216796.jpg,1
1641358661.990957.jpg,1
1641358668.8950534.jpg,1
1641358743.368199.jpg,1
1641358762.2615104.jpg,1
1641358907.4252198.jpg,1
1641359002.9659183.jpg,1
1641359007.5451949.jpg,1
1641359011.2526379.jpg,1
1641359014.8873878.jpg,1
1641359030.7276342.jpg,1
1641359062.2593687.jpg,1
1641359072.9423847.jpg,1
1641359081.3718328.jpg,1
1641359085.2239974.jpg,1
1641359094.526038.jpg,1
1641359120.612966.jpg,1
1641359128.4598823.jpg,1
1641359137.3271484.jpg,1
1641359191.4571664.jpg,1
1641359199.5971153.jpg,1
1641359488.34667.jpg,1
1641359490.746655.jpg,1
1641359492.71034.jpg,1
1641359494.7467716.jpg,1
1641359653.4907956.jpg,1
1641359655.890367.jpg,1
1641359657.8540175.jpg,1
1641359659.8901045.jpg,1
1641359684.2308452.jpg,1
1641359686.1940238.jpg,1
1641359688.085154.jpg,1
1641359690.0488791.jpg,1
1641359903.7752113.jpg,1
1641359905.6665847.jpg,1
1641359907.5577261.jpg,1
1641359909.5215068.jpg,1
1641359934.008376.jpg,1
1641359935.8266764.jpg,1
1641359937.644859.jpg,1
1641359939.4634588.jpg,1
1641360134.1719365.jpg,1
1641360135.9903905.jpg,1
1641360137.8090603.jpg,1
1641360139.7001166.jpg,1
1641360164.1900392.jpg,1
1641360166.008802.jpg,1
1641360167.8271353.jpg,1
1641360169.6460614.jpg,1
1641360403.5861857.jpg,1
1641360405.4044816.jpg,1
1641360407.2228253.jpg,1
1641360409.1138477.jpg,1
1641360433.5271337.jpg,1
1641360435.3456552.jpg,1
1641360437.16396.jpg,1
1641360438.9825163.jpg,1
1641360938.6428385.jpg,1
1641360940.388508.jpg,1
1641360942.207538.jpg,1
1641360944.0978773.jpg,1
1641360968.4389708.jpg,1
1641360970.257298.jpg,1
1641360972.0757146.jpg,1
1641360973.8946576.jpg,1
1641362312.0567222.jpg,1
1641362314.3839035.jpg,1
1641362316.2743914.jpg,1
1641362318.2368853.jpg,1
1641362361.966254.jpg,1
1641362363.7843795.jpg,1
1641362365.6017992.jpg,1
1641362367.4931884.jpg,1
1641362577.1748471.jpg,1
1641362578.9940903.jpg,1
1641362580.8838804.jpg,1
1641362582.774219.jpg,1
1641362607.1819158.jpg,1
1641362609.0724437.jpg,1
1641362610.962811.jpg,1
1641362612.9259293.jpg,1
1641362841.867659.jpg,1
1641362843.759126.jpg,1
1641362845.648696.jpg,1
1641362847.61242.jpg,1
1641362872.0927737.jpg,1
1641362873.9841635.jpg,1
1641362875.9471061.jpg,1
1641362877.910129.jpg,1
1641363096.1781862.jpg,1
1641363098.0686774.jpg,1
1641363099.9595535.jpg,1
1641363101.8518746.jpg,1
1641363126.2613685.jpg,1
1641363128.0789642.jpg,1
1641363129.973191.jpg,1
1641363131.9321928.jpg,1
1641451790.0682766.jpg,1
1641451792.5401273.jpg,1
1641451794.2129216.jpg,1
1641451795.8854485.jpg,1
1641452285.5946832.jpg,1
1641452287.1217866.jpg,1
1641452288.6493478.jpg,1
1641452290.2496653.jpg,1
1641454470.644103.jpg,1
1641454472.09975.jpg,1
1641454473.6269333.jpg,1
1641454475.2272885.jpg,1
1641462474.7027595.jpg,1
1641462524.813817.jpg,1
1641462526.7773757.jpg,1
1641462528.6684089.jpg,1
1641462530.705027.jpg,1
1641462533.104315.jpg,1
1641465846.9112608.jpg,1
1641465849.60181.jpg,1
1641465851.2749863.jpg,1
1641465852.9484994.jpg,1
1641465877.2182217.jpg,1
1641465879.0368626.jpg,1
1641465880.7826965.jpg,1
1641465882.6009116.jpg,1
1641466206.3085153.jpg,1
1641467349.1523368.jpg,1
1641467351.9873385.jpg,1
1641467353.8055074.jpg,1
1641467355.6236475.jpg,1
1641467438.148511.jpg,1
1641467439.8216877.jpg,1
1641467441.494824.jpg,1
1641467443.2411392.jpg,1
1641468144.7299464.jpg,1
1641468146.402783.jpg,1
1641468148.0812855.jpg,1
1641468149.8223429.jpg,1
1641468321.3314574.jpg,1
1641468323.0044541.jpg,1
1641468324.6772003.jpg,1
1641468326.422818.jpg,1
1641468768.957197.jpg,1
1641468770.5575845.jpg,1
1641468772.2304258.jpg,1
1641468773.9762154.jpg,1
1641468996.2101562.jpg,1
1641468997.8831656.jpg,1
1641468999.5561774.jpg,1
1641469001.2299798.jpg,1
1641469241.044421.jpg,1
1641469242.645109.jpg,1
1641469244.3181849.jpg,1
1641469246.0642297.jpg,1
1641469403.2178617.jpg,1
1641469404.8184545.jpg,1
1641469406.49168.jpg,1
1641469408.2375531.jpg,1
1641522844.4148633.jpg,1
1641522846.9589381.jpg,1
1641522848.631324.jpg,1
1641522850.3038397.jpg,1
1641523296.111187.jpg,1
1641523299.0208855.jpg,1
1641523300.836325.jpg,1
1641523302.6543396.jpg,1
1641523720.6971335.jpg,1
1641523722.3714764.jpg,1
1641523724.042649.jpg,1
1641523725.7150793.jpg,1
1641523873.2351682.jpg,1
1641523874.9079216.jpg,1
1641523876.5802372.jpg,1
1641523878.3259532.jpg,1
1641532616.543506.jpg,1
1641532619.1633818.jpg,1
1641532620.835574.jpg,1
1641532622.5095081.jpg,1
1641532764.8121095.jpg,1
1641532766.340105.jpg,1
1641532767.870673.jpg,1
1641532769.4693124.jpg,1
1641533005.4467.jpg,1
1641533006.9021153.jpg,1
1641533008.4301634.jpg,1
1641533010.0309227.jpg,1
1641533525.6514447.jpg,1
1641533527.1796076.jpg,1
1641533528.7077081.jpg,1
1641533530.308543.jpg,1
1641533558.8717391.jpg,1
1641533560.399861.jpg,1
1641533561.9283073.jpg,1
1641533563.4562585.jpg,1
1641533741.7818818.jpg,1
1641533743.2376902.jpg,1
1641533744.6951048.jpg,1
1641533746.1484625.jpg,1
1641533773.9120765.jpg,1
1641533775.3676443.jpg,1
1641533776.8232942.jpg,1
1641533778.3513048.jpg,1
1641533958.3660288.jpg,1
1641533959.82186.jpg,1
1641533961.2783816.jpg,1
1641533962.8057218.jpg,1
1641533991.1515849.jpg,1
1641533992.6070738.jpg,1
1641533994.0625603.jpg,1
1641533995.5180352.jpg,1
1641534149.9422553.jpg,1
1641534151.3988128.jpg,1
1641534152.8537247.jpg,1
1641534154.3819785.jpg,1
1641534182.365696.jpg,1
1641534183.7486024.jpg,1
1641534185.132078.jpg,1
1641534186.5142827.jpg,1
1641534346.257755.jpg,1
1641534347.640762.jpg,1
1641534349.0236647.jpg,1
1641534350.4066572.jpg,1
1641534390.8186235.jpg,1
1641534392.2021325.jpg,1
1641534393.6564817.jpg,1
1641534395.1122139.jpg,1
1641534583.0543177.jpg,1
1641534584.4375782.jpg,1
1641534585.8205128.jpg,1
1641534587.2033129.jpg,1
1641534614.3137448.jpg,1
1641534615.696582.jpg,1
1641534617.0794842.jpg,1
1641534618.5349228.jpg,1
1641534782.9236145.jpg,1
1641534784.3064919.jpg,1
1641534785.68916.jpg,1
1641534787.072735.jpg,1
1641535121.3626938.jpg,1
1641535122.818269.jpg,1
1641535124.2744553.jpg,1
1641535125.8017693.jpg,1
1641535157.5696297.jpg,1
1641535364.6862047.jpg,1
1641535366.1421587.jpg,1
1641535367.5976732.jpg,1
1641535369.1261249.jpg,1
1641535668.047664.jpg,1
1641535669.5031557.jpg,1
1641535670.9586608.jpg,1
1641535672.4878109.jpg,1
1641535932.721668.jpg,1
1641535934.1770906.jpg,1
1641535935.6325755.jpg,1
1641535937.015049.jpg,1
1641536037.3025882.jpg,1
1641536038.6855981.jpg,1
1641536040.1411633.jpg,1
1641536041.5964544.jpg,1
1641536901.8015802.jpg,1
1641536903.1862943.jpg,1
1641536904.567642.jpg,1
1641536905.9499187.jpg,1
1641536991.8461003.jpg,1
1641536993.3015993.jpg,1
1641536994.7573853.jpg,1
1641536996.2851622.jpg,1
1641537168.221854.jpg,1
1641537169.604848.jpg,1
1641537171.0602226.jpg,1
1641537172.5158627.jpg,1
1641537251.219996.jpg,1
1641537252.6030645.jpg,1
1641537254.0584035.jpg,1
1641537255.5141337.jpg,1
1641601974.4585788.jpg,1
1641601977.0729096.jpg,1
1641601978.8164845.jpg,1
1641601980.4881544.jpg,1
1641602163.2073863.jpg,1
1641602164.8784604.jpg,1
1641602166.549713.jpg,1
1641602168.2933657.jpg,1
1641602342.680598.jpg,1
1641602344.2794826.jpg,1
1641602345.9506142.jpg,1
1641602347.5494077.jpg,1
1641602375.7844822.jpg,1
1641602377.455881.jpg,1
1641602379.127288.jpg,1
1641602380.8712049.jpg,1
1641602534.8075633.jpg,1
1641602536.5510468.jpg,1
1641602538.222591.jpg,1
1641602539.8964906.jpg,1
1641602578.0011754.jpg,1
1641602579.6000254.jpg,1
1641602581.2718427.jpg,1
1641602582.942764.jpg,1
1641602710.75008.jpg,1
1641602712.349106.jpg,1
1641602713.9494746.jpg,1
1641602715.5469332.jpg,1
1641602781.8125014.jpg,1
1641602783.411404.jpg,1
1641602785.0824997.jpg,1
1641602786.826901.jpg,1
1641602938.9675481.jpg,1
1641602940.5666473.jpg,1
1641602942.0933201.jpg,1
1641602943.6921594.jpg,1
1641603106.2148697.jpg,1
1641603107.8139768.jpg,1
1641603109.413197.jpg,1
1641603111.0848823.jpg,1
1641603143.028979.jpg,1
1641603144.627743.jpg,1
1641603146.226479.jpg,1
1641603147.8258376.jpg,1
1641603302.8847692.jpg,1
1641603304.4842656.jpg,1
1641603306.0831268.jpg,1
1641603307.7544732.jpg,1
1641603342.6751373.jpg,1
1641603344.275007.jpg,1
1641603345.873515.jpg,1
1641603347.4726298.jpg,1
1641603482.3569863.jpg,1
1641603483.8900316.jpg,1
1641603485.4838748.jpg,1
1641603487.1550033.jpg,1
1641603521.0632598.jpg,1
1641603522.5899441.jpg,1
1641603524.116736.jpg,1
1641603525.645707.jpg,1
1641603730.8080804.jpg,1
1641603732.480028.jpg,1
1641603734.079339.jpg,1
1641603735.679089.jpg,1
1641603926.1130295.jpg,1
1641603927.63996.jpg,1
1641603929.1666563.jpg,1
1641603930.6934183.jpg,1
1641694351.4198794.jpg,1
1641694353.9620843.jpg,1
1641694355.6334069.jpg,1
1641694357.30485.jpg,1
1641694571.1451004.jpg,1
1641694572.7447495.jpg,1
1641694574.3432717.jpg,1
1641694575.9423692.jpg,1
1641797719.4828374.jpg,1
1641797722.1000702.jpg,1
1641797723.8458335.jpg,1
1641797725.5913856.jpg,1
1641797759.9572136.jpg,1
1641797761.630468.jpg,1
1641797763.303665.jpg,1
1641797765.0484939.jpg,1
1641797943.4606183.jpg,1
1641797945.1336944.jpg,1
1641797946.8792942.jpg,1
1641797948.6246903.jpg,1
1641800702.0171525.jpg,1
1641800711.6958644.jpg,1
1641800718.4552958.jpg,1
1641800806.1596158.jpg,1
1641800843.1933908.jpg,1
1641800871.370199.jpg,1
1641801219.4828932.jpg,1
1641801221.5192373.jpg,1
1641801223.4833071.jpg,1
1641801225.447053.jpg,1
1641864562.9891894.jpg,1
1641864564.5896337.jpg,1
1641867035.7170498.jpg,1
1641867037.2445478.jpg,1
1641867038.8440158.jpg,1
1641867040.5165415.jpg,1
1641867082.5649662.jpg,1
1641867084.1668172.jpg,1
1641867085.7638776.jpg,1
1641867087.3635056.jpg,1
1641867193.4606888.jpg,1
1641867195.0604076.jpg,1
1641867196.7329729.jpg,1
1641867198.4780421.jpg,1
1641867376.545386.jpg,1
1641867378.1451092.jpg,1
1641867379.7448096.jpg,1
1641867381.271992.jpg,1
1641867536.3302345.jpg,1
1641867537.9302702.jpg,1
1641867539.530428.jpg,1
1641867541.202592.jpg,1
1641867667.647144.jpg,1
1641867669.2468858.jpg,1
1641867670.8467164.jpg,1
1641867672.5190768.jpg,1
1641868400.8395994.jpg,1
1641868402.3667095.jpg,1
1641868403.8964763.jpg,1
1641874706.5028903.jpg,1
1641874708.030455.jpg,1
1641874749.8737981.jpg,1
1641874751.4013028.jpg,1
1641874752.9287257.jpg,1
1641874754.5286129.jpg,1
1641874862.031431.jpg,1
1641874863.5590286.jpg,1
1641874865.0864222.jpg,1
1641874866.613986.jpg,1
1641879314.3535037.jpg,1
1641879315.8813474.jpg,1
1641879317.409124.jpg,1
1641879318.93689.jpg,1
1641879458.636.jpg,1
1641881240.9195437.jpg,1
1641881245.0865304.jpg,1
1641881247.3170002.jpg,1
1641881249.207695.jpg,1
1641881686.0502334.jpg,1
1641881687.6505911.jpg,1
1641881689.251123.jpg,1
1641881690.851623.jpg,1
1641881831.9310942.jpg,1
1641881833.4591606.jpg,1
1641881834.986428.jpg,1
1641881836.5864892.jpg,1
1641881989.3573518.jpg,1
1641881990.8850687.jpg,1
1641881992.4135187.jpg,1
1641881993.9411266.jpg,1
1641882171.5732958.jpg,1
1641882173.1009033.jpg,1
1641882174.6286001.jpg,1
1641882176.1565776.jpg,1
1641882379.3413005.jpg,1
1641882380.7966974.jpg,1
1641882382.2511342.jpg,1
1641882383.782713.jpg,1
1641882505.0989227.jpg,1
1641882506.5539162.jpg,1
1641882508.0816786.jpg,1
1641882509.6092482.jpg,1
1641883007.813635.jpg,1
1641883009.3413224.jpg,1
1641883010.8692248.jpg,1
1641883012.3971422.jpg,1
1641883809.2454343.jpg,1
1641883810.7002895.jpg,1
1641883812.156202.jpg,1
1641883813.6839745.jpg,1
1641884220.857829.jpg,1
1641884222.3853989.jpg,1
1641884223.913019.jpg,1
1641884225.440581.jpg,1
1641884539.422903.jpg,1
1641884540.8794339.jpg,1
1641884542.3332927.jpg,1
1641884543.8610637.jpg,1
1641886056.7550972.jpg,1
1641886058.2106352.jpg,1
1641886059.6649363.jpg,1
1641886061.1925163.jpg,1
1641886770.6569273.jpg,1
1641886772.1119766.jpg,1
1641886773.5675747.jpg,1
1641886775.0946589.jpg,1
1641887156.8422768.jpg,1
1641887158.2973633.jpg,1
1641887159.7551339.jpg,1
1641887161.2799258.jpg,1
1641887300.5427933.jpg,1
1641887301.9981635.jpg,1
1641887303.4527376.jpg,1
1641887304.9802425.jpg,1
1641887837.5462506.jpg,1
1641887839.0014083.jpg,1
1641887840.3845375.jpg,1
1641887841.8391342.jpg,1
1641890544.8605933.jpg,1
1641890546.3884313.jpg,1
1641890547.9197173.jpg,1
1641890549.444223.jpg,1
1641890615.9223368.jpg,1
1641890617.377395.jpg,1
1641890618.832596.jpg,1
1641890620.3608737.jpg,1
1641949757.7795012.jpg,1
1641949760.3236635.jpg,1
1641949761.9215748.jpg,1
1641949763.5208292.jpg,1
1641950880.8693058.jpg,1
1641950882.3237333.jpg,1
1641950883.851149.jpg,1
1641950885.3777635.jpg,1
1641951498.2326078.jpg,1
1641951499.6869264.jpg,1
1641951501.2138379.jpg,1
1641951502.7403865.jpg,1
1641951762.1667566.jpg,1
1641951763.620685.jpg,1
1641951765.0748978.jpg,1
1641951766.602107.jpg,1
1641952225.206305.jpg,1
1641952226.6604486.jpg,1
1641952228.1159856.jpg,1
1641952229.6420214.jpg,1
1641953287.5970833.jpg,1
1641953289.0516841.jpg,1
1641953290.5785222.jpg,1
1641953292.1056533.jpg,1
1641953382.007328.jpg,1
1641953383.461884.jpg,1
1641953384.9162104.jpg,1
1641953386.4431925.jpg,1
1641953457.0303392.jpg,1
1641953458.5573912.jpg,1
1641953460.0843394.jpg,1
1641953461.6114042.jpg,1
1641953780.6649861.jpg,1
1641953782.119299.jpg,1
1641953783.5737543.jpg,1
1641953785.1018405.jpg,1
1641954303.4823556.jpg,1
1641954304.9379299.jpg,1
1641954306.3915434.jpg,1
1641954307.9190557.jpg,1
1641954502.172461.jpg,1
1641954503.627054.jpg,1
1641954505.1541283.jpg,1
1641954506.6812541.jpg,1
1641954678.7761555.jpg,1
1641954680.303151.jpg,1
1641954681.8301651.jpg,1
1641954683.4297814.jpg,1
1641954865.9145596.jpg,1
1641954867.3691401.jpg,1
1641954868.8239386.jpg,1
1641954870.3509078.jpg,1
1641955314.1269925.jpg,1
1641955315.5831516.jpg,1
1641955317.0358005.jpg,1
1641955318.5627367.jpg,1
1641955449.925711.jpg,1
1641955451.3804445.jpg,1
1641955452.8355248.jpg,1
1641955454.3621728.jpg,1
1641955608.4568982.jpg,1
1641955609.9112399.jpg,1
1641955611.365477.jpg,1
1641955612.8199947.jpg,1
1641955761.5981019.jpg,1
1641955763.0522568.jpg,1
1641955764.5066729.jpg,1
1641955766.033346.jpg,1
1641956084.1481445.jpg,1
1641956085.6024873.jpg,1
1641956087.0570083.jpg,1
1641956088.5845573.jpg,1
1641963421.905317.jpg,1
1641963425.3212848.jpg,1
1641963427.648326.jpg,1
1641963429.829945.jpg,1
1641963695.9205313.jpg,1
1641963705.367549.jpg,1
1641963708.2022314.jpg,1
1641972278.454449.jpg,1
1641972345.177068.jpg,1
1641972349.1039033.jpg,1
1641972352.1527476.jpg,1
1641972356.2223551.jpg,1
1641972381.5743089.jpg,1
1641973382.4616678.jpg,1
1641973385.2997732.jpg,1
1641973387.0432715.jpg,1
1641973388.7890973.jpg,1
1641973523.8643343.jpg,1
1641973525.5379343.jpg,1
1641973527.2134306.jpg,1
1641973528.9569767.jpg,1
1642050883.7858677.jpg,1
1642050886.329062.jpg,1
1642050888.0009918.jpg,1
1642050889.7455192.jpg,1
1642052862.129153.jpg,1
1642052863.6578753.jpg,1
1642052865.2562222.jpg,1
1642052866.8562534.jpg,1
1642053000.7699473.jpg,1
1642053002.297138.jpg,1
1642053003.826762.jpg,1
1642053005.4237266.jpg,1
1642053152.052296.jpg,1
1642053153.5794122.jpg,1
1642053155.1066663.jpg,1
1642053156.70649.jpg,1
1642053401.0849571.jpg,1
1642053402.6120791.jpg,1
1642053404.2118769.jpg,1
1642053405.8119357.jpg,1
1642053819.0360637.jpg,1
1642053820.5633936.jpg,1
1642053822.0907133.jpg,1
1642053823.6915855.jpg,1
1642054168.3643289.jpg,1
1642054169.8916264.jpg,1
1642054171.418745.jpg,1
1642054172.9460046.jpg,1
1642054396.0556018.jpg,1
1642054397.5112922.jpg,1
1642054399.0378034.jpg,1
1642054400.6381395.jpg,1
1642054602.904962.jpg,1
1642054604.4329672.jpg,1
1642054605.9597216.jpg,1
1642054607.4868565.jpg,1
1642057121.5836065.jpg,1
1642057123.1837864.jpg,1
1642057124.7858086.jpg,1
1642057126.456828.jpg,1
1642057310.5222142.jpg,1
1642057312.1223774.jpg,1
1642057313.7222857.jpg,1
1642057315.395071.jpg,1
1642057487.829286.jpg,1
1642057489.3569715.jpg,1
1642057490.9571607.jpg,1
1642057492.556973.jpg,1
1642057805.2908309.jpg,1
1642057806.8910937.jpg,1
1642057808.4904282.jpg,1
1642057810.1631372.jpg,1
1642058145.7821624.jpg,1
1642058147.3821177.jpg,1
1642058148.9818757.jpg,1
1642058150.5822005.jpg,1
1642061011.4624467.jpg,1
1642061014.4422338.jpg,1
1642061016.260133.jpg,1
1642061018.0776618.jpg,1
1642061504.0415335.jpg,1
1642061505.7143683.jpg,1
1642061507.3870795.jpg,1
1642061509.1326027.jpg,1
1642061733.5797458.jpg,1
1642061735.2522848.jpg,1
1642061736.9253619.jpg,1
1642061738.5982237.jpg,1
1642062295.1811156.jpg,1
1642062296.853296.jpg,1
1642062298.453372.jpg,1
1642062300.126217.jpg,1
1642062382.7794054.jpg,1
1642062384.3793688.jpg,1
1642062385.9791808.jpg,1
1642062387.651776.jpg,1
1642062783.9485862.jpg,1
1642062785.5485027.jpg,1
1642062787.1489618.jpg,1
1642062788.8216298.jpg,1
1642120606.300652.jpg,1
1642120612.8302834.jpg,1
1642120615.3708699.jpg,1
1642120617.838971.jpg,1
1642121291.582837.jpg,1
1642121294.6326323.jpg,1
1642121296.8830462.jpg,1
1642121299.206879.jpg,1
1642137138.1174045.jpg,1
1642137141.096182.jpg,1
1642137142.913296.jpg,1
1642137144.7304246.jpg,1
1642137218.203495.jpg,1
1642137219.874947.jpg,1
1642137221.6196747.jpg,1
1642137223.367686.jpg,1
1642137247.8329065.jpg,1
1642137249.5045373.jpg,1
1642137251.1767578.jpg,1
1642137252.8485165.jpg,1
1642137285.7403934.jpg,1
1642137287.339998.jpg,1
1642137288.9391959.jpg,1
1642137290.6837077.jpg,1
1642137322.8487818.jpg,1
1642137324.4481533.jpg,1
1642137326.0483668.jpg,1
1642137327.7193332.jpg,1
1642137359.5206969.jpg,1
1642137361.1200802.jpg,1
1642137362.719175.jpg,1
1642137364.3913906.jpg,1
1642137397.9349093.jpg,1
1642137399.5341277.jpg,1
1642137401.1333814.jpg,1
1642137402.8053482.jpg,1
1642137443.3205488.jpg,1
1642137444.9198852.jpg,1
1642137446.5918677.jpg,1
1642137448.263828.jpg,1
1642137472.3716042.jpg,1
1642137473.8988867.jpg,1
1642137475.4986424.jpg,1
1642137477.0967934.jpg,1
1642137507.9544659.jpg,1
1642137509.4811125.jpg,1
1642137511.0079217.jpg,1
1642137512.6072242.jpg,1
1642137544.8465176.jpg,1
1642137546.3731627.jpg,1
1642137547.8998485.jpg,1
1642137549.4991796.jpg,1
1642137581.010061.jpg,1
1642137582.5364902.jpg,1
1642137584.0630846.jpg,1
1642137585.662511.jpg,1
1642137615.1411617.jpg,1
1642137616.5950346.jpg,1
1642137618.1240125.jpg,1
1642137619.64824.jpg,1
1642137653.9193838.jpg,1
1642137655.3731303.jpg,1
1642137656.9001846.jpg,1
1642137658.427552.jpg,1
1642137685.8053534.jpg,1
1642137687.255568.jpg,1
1642137688.782345.jpg,1
1642137690.3093753.jpg,1
1642137724.868685.jpg,1
1642137726.3228285.jpg,1
1642137727.7769728.jpg,1
1642137729.30366.jpg,1
1642137764.734533.jpg,1
1642137766.187071.jpg,1
1642137767.7138207.jpg,1
1642137769.2401192.jpg,1
1642137804.162568.jpg,1
1642137805.6164975.jpg,1
1642137807.0705113.jpg,1
1642137808.5971112.jpg,1
1642137840.3972204.jpg,1
1642137841.8510623.jpg,1
1642137843.3785377.jpg,1
1642137844.9048219.jpg,1
1642137876.4174078.jpg,1
1642137877.8731477.jpg,1
1642137879.3985043.jpg,1
1642137880.9256592.jpg,1
1642137904.8145137.jpg,1
1642137906.2686799.jpg,1
1642137907.7230287.jpg,1
1642137909.2516704.jpg,1
1642137939.9639437.jpg,1
1642137941.4906237.jpg,1
1642137943.017463.jpg,1
1642137944.616599.jpg,1
1642137975.9118333.jpg,1
1642137977.438322.jpg,1
1642137978.965122.jpg,1
1642137980.4915369.jpg,1
1642138011.9310734.jpg,1
1642138013.385314.jpg,1
1642138014.839538.jpg,1
1642138016.2940364.jpg,1
1642138049.7661216.jpg,1
1642138051.2202547.jpg,1
1642138052.674363.jpg,1
1642138054.2009208.jpg,1
1642138095.6577835.jpg,1
1642138097.1119227.jpg,1
1642138098.5664167.jpg,1
1642138100.092799.jpg,1
1642138124.1273768.jpg,1
1642138125.5108905.jpg,1
1642138126.9629292.jpg,1
1642138128.4180627.jpg,1
1642138159.6387587.jpg,1
1642138161.0943773.jpg,1
1642138162.5470178.jpg,1
1642138164.073822.jpg,1
1642138196.093009.jpg,1
1642138197.6200964.jpg,1
1642138199.0741053.jpg,1
1642138200.6746511.jpg,1
1642138231.750883.jpg,1
1642138233.204984.jpg,1
1642138234.7318647.jpg,1
1642138236.2586703.jpg,1
1642138269.1515453.jpg,1
1642138270.6060872.jpg,1
1642138272.1326706.jpg,1
1642138273.7318096.jpg,1
1642138310.3279119.jpg,1
1642138311.7820816.jpg,1
1642138313.240652.jpg,1
1642138314.7630968.jpg,1
1642138338.9429321.jpg,1
1642138340.3972821.jpg,1
1642138341.9239426.jpg,1
1642138343.4508264.jpg,1
1642138380.409231.jpg,1
1642138381.9357893.jpg,1
1642138383.4625947.jpg,1
1642138384.9893723.jpg,1
1642138416.721376.jpg,1
1642138418.2477844.jpg,1
1642138419.7022743.jpg,1
1642138421.2294679.jpg,1
1642138937.8922608.jpg,1
1642138939.419039.jpg,1
1642138940.9460473.jpg,1
1642138942.5453253.jpg,1
1642138973.4054306.jpg,1
1642138974.932499.jpg,1
1642138976.4593334.jpg,1
1642138978.058781.jpg,1
1642139007.0321393.jpg,1
1642139008.5590937.jpg,1
1642139010.1586087.jpg,1
1642139011.758197.jpg,1
1642139035.7960865.jpg,1
1642139037.3230844.jpg,1
1642139038.849941.jpg,1
1642139040.449489.jpg,1
1642139071.7494292.jpg,1
1642139073.2762787.jpg,1
1642139074.875783.jpg,1
1642139076.476973.jpg,1
1642139105.5242014.jpg,1
1642139107.0512204.jpg,1
1642139108.57832.jpg,1
1642139110.1050425.jpg,1
1642139144.0947328.jpg,1
1642139145.5472884.jpg,1
1642139147.0737612.jpg,1
1642139148.6018112.jpg,1
1642139183.604963.jpg,1
1642139185.0591922.jpg,1
1642139186.586275.jpg,1
1642139188.1859448.jpg,1
1642139223.0429206.jpg,1
1642139224.5699427.jpg,1
1642139226.0968788.jpg,1
1642139227.6240897.jpg,1
1642139251.7339816.jpg,1
1642139253.1893535.jpg,1
1642139254.6428113.jpg,1
1642139256.1695735.jpg,1
1642139286.7417865.jpg,1
1642139288.1995177.jpg,1
1642139289.7227807.jpg,1
1642139291.2538724.jpg,1
1642139321.4605253.jpg,1
1642139322.91779.jpg,1
1642139324.4424398.jpg,1
1642139325.9687533.jpg,1
1642139364.0921388.jpg,1
1642139365.6190984.jpg,1
1642139367.1459484.jpg,1
1642139368.6729176.jpg,1
1642139405.1991422.jpg,1
1642139406.6533637.jpg,1
1642139408.1079147.jpg,1
1642139409.6364207.jpg,1
1642139444.12613.jpg,1
1642139445.5803962.jpg,1
1642139447.0378053.jpg,1
1642139448.5613916.jpg,1
1642139472.7438407.jpg,1
1642139474.1986263.jpg,1
1642139475.6524022.jpg,1
1642139477.1792934.jpg,1
1642139515.7364671.jpg,1
1642139517.191058.jpg,1
1642139518.6452317.jpg,1
1642139520.1031284.jpg,1
1642139548.492102.jpg,1
1642139549.9463284.jpg,1
1642139551.4733825.jpg,1
1642139552.9999135.jpg,1
1642139589.0172255.jpg,1
1642139590.4715598.jpg,1
1642139591.9268708.jpg,1
1642139593.453004.jpg,1
1642139626.4192104.jpg,1
1642139627.873511.jpg,1
1642139629.3275313.jpg,1
1642139630.8543525.jpg,1
1642139665.346967.jpg,1
1642139666.8013482.jpg,1
1642139668.3283489.jpg,1
1642139669.855244.jpg,1
1642139694.0384364.jpg,1
1642139695.5661647.jpg,1
1642139697.0196204.jpg,1
1642139698.5462432.jpg,1
1642139728.3194435.jpg,1
1642139729.7738585.jpg,1
1642139731.2282343.jpg,1
1642139732.755509.jpg,1
1642139773.4934113.jpg,1
1642139774.947754.jpg,1
1642139776.4026186.jpg,1
1642139777.9291036.jpg,1
1642139819.9009268.jpg,1
1642139821.3559203.jpg,1
1642139822.8823934.jpg,1
1642139824.4094417.jpg,1
1642139859.7020442.jpg,1
1642139861.1560044.jpg,1
1642139862.6103528.jpg,1
1642139864.1371305.jpg,1
1642139896.3068562.jpg,1
1642139897.7610137.jpg,1
1642139899.2158124.jpg,1
1642139900.7422285.jpg,1
1642139924.9241781.jpg,1
1642139926.3784573.jpg,1
1642139927.8334167.jpg,1
1642139929.3595243.jpg,1
1642139968.500341.jpg,1
1642139969.954547.jpg,1
1642139971.481425.jpg,1
1642139973.1534557.jpg,1
1642140005.1054115.jpg,1
1642140006.6321578.jpg,1
1642140008.16149.jpg,1
1642140009.6871653.jpg,1
1642140046.939157.jpg,1
1642140048.393485.jpg,1
1642140049.8477185.jpg,1
1642140051.4472206.jpg,1
1642140083.3253584.jpg,1
1642140084.7793427.jpg,1
1642140086.2341359.jpg,1
1642140087.7604432.jpg,1
1642140118.839794.jpg,1
1642140120.294123.jpg,1
1642140121.7485232.jpg,1
1642140123.2755108.jpg,1
1642140147.2392998.jpg,1
1642140148.69359.jpg,1
1642140150.1476629.jpg,1
1642140151.6041062.jpg,1
1642140189.7957776.jpg,1
1642140191.2488432.jpg,1
1642140192.702923.jpg,1
1642140194.2293444.jpg,1
1642140225.3803046.jpg,1
1642140226.8343158.jpg,1
1642140228.2885058.jpg,1
1642140229.7434454.jpg,1
1642140270.839119.jpg,1
1642140272.2932436.jpg,1
1642140273.74744.jpg,1
1642140275.201386.jpg,1
1642140309.037997.jpg,1
1642140310.4922903.jpg,1
1642140311.9460096.jpg,1
1642140313.4000876.jpg,1
1642140344.9140508.jpg,1
1642140346.3684547.jpg,1
1642140347.8225262.jpg,1
1642140349.3494356.jpg,1
1642140373.6032329.jpg,1
1642140375.057581.jpg,1
1642140376.5116017.jpg,1
1642140377.9660501.jpg,1
1642140418.4110484.jpg,1
1642140419.865379.jpg,1
1642140421.319813.jpg,1
1642140422.8465528.jpg,1
1642140491.3189006.jpg,1
1642140492.7731495.jpg,1
1642140494.2278228.jpg,1
1642140495.7547097.jpg,1
1642140524.292924.jpg,1
1642140525.7472134.jpg,1
1642140527.2019913.jpg,1
1642140528.7284155.jpg,1
1642140566.631672.jpg,1
1642140568.085879.jpg,1
1642140569.5402918.jpg,1
1642140571.0669951.jpg,1
1642140603.089338.jpg,1
1642140604.6167364.jpg,1
1642140606.1427813.jpg,1
1642140607.669606.jpg,1
1642579990.350162.jpg,1
1642579992.968278.jpg,1
1642579994.714418.jpg,1
1642579996.393034.jpg,1
1642580119.9240386.jpg,1
1642580121.5248456.jpg,1
1642580123.125537.jpg,1
1642580124.7990677.jpg,1
1642580434.427919.jpg,1
1642580436.028709.jpg,1
1642580437.6293788.jpg,1
1642580439.3029802.jpg,1
1642580606.2810454.jpg,1
1642580607.882778.jpg,1
1642580609.5549726.jpg,1
1642580611.228515.jpg,1
1642583164.07408.jpg,1
1642583165.7477067.jpg,1
1642583167.4214032.jpg,1
1642583169.0950658.jpg,1
1642583245.9188178.jpg,1
1642583247.5197752.jpg,1
1642583249.1210268.jpg,1
1642583250.722091.jpg,1
1642583308.2141602.jpg,1
1642583309.7433004.jpg,1
1642583311.3437328.jpg,1
1642583313.0174336.jpg,1
1642646967.1869073.jpg,1
1642646969.8751934.jpg,1
1642646971.6921964.jpg,1
1642646973.5091515.jpg,1
1642647225.5872037.jpg,1
1642647227.1868043.jpg,1
1642647228.8595161.jpg,1
1642647230.6040616.jpg,1
1642647262.1037412.jpg,1
1642647272.851805.jpg,1
1642647309.739542.jpg,1
1642647329.419059.jpg,1
1642647335.0121434.jpg,1
1642647465.2741098.jpg,1
1642647470.9363403.jpg,1
1642647474.7140882.jpg,1
1642647477.9110632.jpg,1
1642647508.99065.jpg,1
1642647587.416454.jpg,1
1642647591.2661812.jpg,1
1642647594.1728935.jpg,1
1642647597.4423723.jpg,1
1642649353.767756.jpg,1
1642649358.4165246.jpg,1
1642650138.3594751.jpg,1
1642650140.9784486.jpg,1
1642650142.6473453.jpg,1
1642650144.319596.jpg,1
1642650168.7920594.jpg,1
1642650170.3190904.jpg,1
1642650171.9185944.jpg,1
1642650173.5906143.jpg,1
1642653136.0853362.jpg,1
1642653137.6126566.jpg,1
1642653139.1399915.jpg,1
1642653140.739623.jpg,1
1642653731.0226388.jpg,1
1642653732.6225855.jpg,1
1642653734.2226305.jpg,1
1642653735.8238535.jpg,1
1642654213.4472363.jpg,1
1642654214.9744008.jpg,1
1642654216.5741947.jpg,1
1642654218.1738968.jpg,1
1642654418.1105535.jpg,1
1642654419.6375.jpg,1
1642654421.2376096.jpg,1
1642654422.8375945.jpg,1
1642654657.3425999.jpg,1
1642654658.8699522.jpg,1
1642654660.3972487.jpg,1
1642654662.000943.jpg,1
1642654960.4158583.jpg,1
1642654962.0157247.jpg,1
1642654963.5431383.jpg,1
1642654965.2161877.jpg,1
1642655090.7197263.jpg,1
1642655092.3195536.jpg,1
1642655093.9195938.jpg,1
1642655095.5198984.jpg,1
1642655785.4622302.jpg,1
1642655791.203051.jpg,1
1642655794.7739441.jpg,1
1642655797.019239.jpg,1
1642656535.6135616.jpg,1
1642656537.3590355.jpg,1
1642656539.031642.jpg,1
1642656540.7770114.jpg,1
1642657173.7932692.jpg,1
1642659328.602178.jpg,1
1642659330.2018287.jpg,1
1642659331.8757834.jpg,1
1642659793.5976582.jpg,1
1642659795.198187.jpg,1
1642659796.7983825.jpg,1
1642659798.4715059.jpg,1
1642659949.9403055.jpg,1
1642659951.4689925.jpg,1
1642659952.9955077.jpg,1
1642659954.5958111.jpg,1
1642660108.3107743.jpg,1
1642660109.9114702.jpg,1
1642660111.511189.jpg,1
1642660113.1118984.jpg,1
1642660303.144983.jpg,1
1642660304.6725373.jpg,1
1642660306.2002413.jpg,1
1642660307.7279675.jpg,1
1642660607.0890603.jpg,1
1642660608.5437737.jpg,1
1642660609.9990177.jpg,1
1642660611.5268757.jpg,1
1642660828.0824296.jpg,1
1642660829.6098323.jpg,1
1642660831.1369908.jpg,1
1642660832.6646118.jpg,1
1642661023.7243433.jpg,1
1642661025.2522995.jpg,1
1642661026.779782.jpg,1
1642661028.3072562.jpg,1
1642661168.1435719.jpg,1
1642661169.671141.jpg,1
1642661171.271622.jpg,1
1642661172.7992494.jpg,1
1642661320.6332183.jpg,1
1642661322.0883284.jpg,1
1642661323.6160433.jpg,1
1642661325.1436787.jpg,1
1642661473.8380427.jpg,1
1642661475.3656564.jpg,1
1642661476.8938136.jpg,1
1642661478.4205277.jpg,1
1642661675.0785434.jpg,1
1642661676.5385392.jpg,1
1642661677.9958248.jpg,1
1642661679.526341.jpg,1
1642661940.051113.jpg,1
1642661941.5057285.jpg,1
1642661942.9614651.jpg,1
1642661944.488091.jpg,1
1642662101.188612.jpg,1
1642662102.6437707.jpg,1
1642662104.0990918.jpg,1
1642662105.6266396.jpg,1
1642662302.077371.jpg,1
1642662303.6051066.jpg,1
1642662305.1328688.jpg,1
1642662306.6604378.jpg,1
1642662588.6935287.jpg,1
1642662590.1486187.jpg,1
1642662591.6038866.jpg,1
1642662593.1318493.jpg,1
1642662794.3906844.jpg,1
1642662795.8456342.jpg,1
1642662797.3041122.jpg,1
1642662798.7566116.jpg,1
1642663078.526947.jpg,1
1642663079.981833.jpg,1
1642663081.4384024.jpg,1
1642663082.9664533.jpg,1
1642663215.6312199.jpg,1
1642663217.0863333.jpg,1
1642663218.5413954.jpg,1
1642663220.0687754.jpg,1
1642663376.343339.jpg,1
1642663377.7983673.jpg,1
1642663379.253695.jpg,1
1642663380.7089777.jpg,1
1642663641.4583483.jpg,1
1642663642.8408632.jpg,1
1642663644.2960072.jpg,1
1642663645.7511306.jpg,1
1642663843.7240794.jpg,1
1642663845.1063647.jpg,1
1642663846.561068.jpg,1
1642663848.0158958.jpg,1
1642664149.4833357.jpg,1
1642664150.9384043.jpg,1
1642664152.3935022.jpg,1
1642664153.9225354.jpg,1
1642664435.3565953.jpg,1
1642664436.8114862.jpg,1
1642664438.2667496.jpg,1
1642664439.7945414.jpg,1
1642664652.9669125.jpg,1
1642664654.4216661.jpg,1
1642664655.8769064.jpg,1
1642664657.4049509.jpg,1
1642664816.6838455.jpg,1
1642664818.211504.jpg,1
1642664819.7395837.jpg,1
1642664821.2675319.jpg,1
1642664932.5707679.jpg,1
1642664934.027981.jpg,1
1642664935.4809513.jpg,1
1642664937.008531.jpg,1
1642665201.1676226.jpg,1
1642665202.6223693.jpg,1
1642665204.0776415.jpg,1
1642665205.6072028.jpg,1
1642665338.2033527.jpg,1
1642665339.6587238.jpg,1
1642665341.1136487.jpg,1
1642665342.6416793.jpg,1
1642665692.4053025.jpg,1
1642665693.8608313.jpg,1
1642665695.31603.jpg,1
1642665696.8440793.jpg,1
1642665748.0005515.jpg,1
1642665749.4558136.jpg,1
1642665750.9108286.jpg,1
1642665752.438828.jpg,1
1642666408.7809417.jpg,1
1642666410.2366116.jpg,1
1642666411.6917875.jpg,1
1642666413.150022.jpg,1
1642666579.6167219.jpg,1
1642666581.0721707.jpg,1
1642666582.5275006.jpg,1
1642666583.9826453.jpg,1
1642666746.5311866.jpg,1
1642666747.986569.jpg,1
1642666749.4429393.jpg,1
1642666750.897426.jpg,1
1642750846.1317573.jpg,1
1642750848.6734328.jpg,1
1642750850.4170897.jpg,1
1642750852.1607022.jpg,1
1642751692.3786626.jpg,1
1642751693.9774456.jpg,1
1642751695.6489186.jpg,1
1642751697.3928409.jpg,1
1642753006.312568.jpg,1
1642753007.984389.jpg,1
1642753009.6563451.jpg,1
1642753011.4010246.jpg,1
1642754289.6201587.jpg,1
1642754291.2206929.jpg,1
1642754292.891848.jpg,1
1642754294.6366868.jpg,1
1644991623.0078537.jpg,1
1644991698.2238595.jpg,1
1644991710.2828836.jpg,1
1644991714.4205616.jpg,1
1644991718.777946.jpg,1
